snapshot,1071763866_Transformer0,1071746625_Transformer0,1072051579_Transformer0,1071746557_Transformer0
0,6.03879,6.00121,-0.28,0.41
